tag_id,tag_word
26544,NULL
28232,NULL
28233,NULL
29070,NULL
84193,NULL
1937,& پخش فرهنگ - کتاب
9607,&انتشارات دلیل ما - ناشر
9608,&انتشارات دلیل ما - کتاب
9113,&انتشارات لیله القدر - ناشر
9114,&انتشارات لیله القدر - کتاب
41408,&مرکز ماوا
2017,&مولف - انتشارات
2018,&مولف - کتاب
2019,&ناشر - انتشارات
2020,&ناشر - کتاب
2220,&نشر امیرکبیر - انتشارات
4535,&نشر امیرکبیر - کتاب
2385,&نشر جوانان موفق - انتشارات
2388,&نشر جوانان موفق - کتاب
4212,&نشر دارالحدیث - ناشر
4211,&نشر دارالحدیث - کتاب
2230,&نشر دارالصدر - انتشارات
2228,&نشر دارالصدر - کتاب
2794,&نشر دارالعلم - انتشارات
2795,&نشر دارالعلم - کتاب
18266,&پخش 59 - انتشارات
18268,&پخش 59 - کتاب
1881,&پخش آبان - انتشارات
1880,&پخش آبان - کتاب
1872,&پخش آثار - انتشارات
1868,&پخش آثار - کتاب
1928,&پخش آیدا - انتشارات
1927,&پخش آیدا - کتاب
2338,&پخش اشکذر - انتشارات
2339,&پخش اشکذر - کتاب
1955,&پخش اهورا - انتشارات
1952,&پخش اهورا - کتاب
46167,&پخش ترنج - انتشارات
46168,&پخش ترنج - کتاب
1950,&پخش تعاونی ناشران - انتشارات
1949,&پخش تعاونی ناشران - کتاب
1931,&پخش جیحون - انتشارات
1935,&پخش جیحون - کتاب
1956,&پخش حدیث - انتشارات
1953,&پخش حدیث - کتاب
25359,&پخش خوارزمی - انتشارات
25360,&پخش خوارزمی - کتاب
1941,&پخش خیام - انتشارات
1940,&پخش خیام - کتاب
1932,&پخش درسا - انتشارات
1936,&پخش درسا - کتاب
1942,&پخش دوستان - انتشارات
1939,&پخش دوستان - کتاب
1946,&پخش سرزمین - انتشارات
1945,&پخش سرزمین - کتاب
1926,&پخش سروش - انتشارات
2021,&پخش سروش - کتاب
1879,&پخش شهید کاظمی - انتشارات
1878,&پخش شهید کاظمی - کتاب
1875,&پخش صدای معاصر - انتشارات
1869,&پخش صدای معاصر - کتاب
1877,&پخش فدک - انتشارات
1876,&پخش فدک - کتاب
1933,&پخش فرهنگ - انتشارات
1871,&پخش ققنوس - انتشارات
1870,&پخش ققنوس - کتاب
1944,&پخش میردشتی - انتشارات
1943,&پخش میردشتی - کتاب
1934,&پخش میعاد - انتشارات
1938,&پخش میعاد - کتاب
1885,&پخش نشر معارف - انتشارات
1884,&پخش نشر معارف - کتاب
1993,&پخش نظر - انتشارات
1992,&پخش نظر - کتاب
1948,&پخش پارسه - انتشارات
1947,&پخش پارسه - کتاب
1954,&پخش پاسارگاد - انتشارات
1951,&پخش پاسارگاد - کتاب
20180,&پخش پراگ - انتشارات
22029,&پخش پراگ - کتاب
1929,&پخش پیام آزادی - انتشارات
1930,&پخش پیام آزادی - کتاب
1904,&پخش پیام امروز - انتشارات
1905,&پخش پیام امروز - کتاب
5342,&پخش چشمه - انتشارات
5343,&پخش چشمه - کتاب
1874,&پخش کتاب فردا - انتشارات
1873,&پخش کتاب فردا - کتاب
1883,&پخش کتاب مهربان نشر - انتشارات
1882,&پخش کتاب مهربان نشر - کتاب
1970,&پخش کتاب پردازان - انتشارات
1971,&پخش کتاب پردازان - کتاب
1867,&پخش کتابخون - انتشارات
1965,&پخش کتابخون - کتاب
1983,&پخش کتابستان - انتشارات
1984,&پخش کتابستان - کتاب
12608,&پخش کتابسرای فرهنگ
1898,&پخش گسترش - انتشارات
1899,&پخش گسترش - کتاب
48864,&کتابشهر
1962,&کتابفروشی ارمغان طوبی - انتشارات
1961,&کتابفروشی ارمغان طوبی - کتاب
1964,&کتابفروشی به نشر تهران - انتشارات
1963,&کتابفروشی به نشر تهران - کتاب
2030,&کتابفروشی بوستان کتاب - ناشر
2029,&کتابفروشی بوستان کتاب - کتاب
1959,&کتابفروشی ترنجستان سروش - انتشارات
1960,&کتابفروشی ترنجستان سروش - کتاب
2032,&کتابفروشی مولی - انتشارات
2031,&کتابفروشی مولی - کتاب
2028,&کتابفروشی پاساژ قدس - ناشر
2027,&کتابفروشی پاساژ قدس - کتاب
2036,&کتابفروشی کتاب طه - انتشارات
2035,&کتابفروشی کتاب طه - کتاب
2343,&کتابفروشی کتابسرای فرهنگ - انتشارات
2344,&کتابفروشی کتابسرای فرهنگ - کتاب
2033,&کتابفروشی کیهان - انتشارات
2034,&کتابفروشی کیهان - کتاب
308,1014
312,1015
314,1016
317,1017
313,1020
307,1024
311,1027
319,1038
320,1039
321,1040
306,1067
300,1087
301,1088
302,1089
299,1090
315,1135
324,1138
316,1141
287,1151
289,1152
294,1153
285,1154
288,1155
286,1161
368,1162
371,1163
367,1168
389,1172
377,1180
376,1181
378,1182
388,1183
380,1184
392,1187
393,1188
382,1190
379,1191
383,1223
381,1228
335,1322
327,1341
334,1346
330,1355
336,1364
329,1371
332,1376
333,1381
328,1388
338,1390
339,1431
331,1435
394,1440
337,1445
361,215
358,216
293,23593
419,283
354,285
353,286
355,292
356,293
357,295
423,322
386,323
422,379
360,380
390,381
359,382
391,383
421,438
420,441
424,442
396,471
398,478
399,486
362,492
397,500
363,506
415,507
416,508
350,545
349,546
345,547
344,548
347,549
351,550
346,552
352,554
343,555
341,556
348,557
340,558
342,560
369,647
373,648
365,649
370,650
374,651
364,653
372,654
410,655
375,658
366,659
412,660
411,662
425,76
409,823
408,824
414,826
403,836
405,837
404,838
413,846
407,847
406,850
387,864
426,871
428,873
429,874
427,879
400,887
384,888
385,891
417,892
402,898
401,900
418,901
395,905
323,940
326,941
322,942
325,945
318,947
296,966
292,967
297,969
295,971
298,972
305,992
304,993
310,995
309,996
303,997
44306,@ تازه های نشر - آبان 1401
1856,@آثار ابوالفضل زرویی نصرآباد
1860,@آثار حمید داودآبادی
1594,@آثار رضا احسان پور
1700,@آثار محمدرضا حدادپور جهرمی
1426,@ابراهیم همت
1906,@ادب حضور
29056,@ادیان (دی1400)
1893,@از دل ماجرا
48852,@اسلایدر_دی_01
1957,@امام علی (ع) صدای عدالت انسانی
1500,@امیر جهادی ادبیات انقلاب (امیرحسین فردی)
1969,@اندیشه در بحران
2023,@انقلاب در نشر راه یار
1985,@بازگشت پرستوها
1795,@باکس اصلی - آثار سید علی اصغر علوی
1803,@باکس اصلی - داستان زندگانی امام حسن (ع) برای کودکان
1802,@باکس اصلی - مقتل الحسین
1853,@برادران قریب (هفته وحدت)
3,@برندگان جوایز
1419,@برگزیده خانواده و تربیت1
1440,@بسته بزرگداشت مادران و همسران شهدا
1542,@بسته خونین شهر (3خرداد آزادسازی خرمشهر)
1432,@بسته سفرنامه
1480,@بسته نبوت
1846,@بسته پیشنهادی 13 آبان
1698,@بسته پیشنهادی اربعین
1976,@بسته پیشنهادی غریب قریب (امام رضا (ع))
120,@بسته پیشنهادی ما کجای تاریخ ایستاده ایم
266,@بسته پیشنهادی کتاب های خوب (ویژه انقلاب اسلامی ایران)
1837,@بسته پیشنهادی کتاب کودک
1422,@بسته پیشنهادی کشتی پهلو گرفته
1469,@بنت الهدی صدر
1839,@بیان معنوی
80682,@تازه های مجله - تابستان 1402
23017,@تازه های نشر - آبان 1400
1844,@تازه های نشر - آبان 97
2007,@تازه های نشر - آبان 98
5401,@تازه های نشر - آبان 99
24639,@تازه های نشر - آذر 1400
46201,@تازه های نشر - آذر 1401
2013,@تازه های نشر - آذر 98
6307,@تازه های نشر - آذر 99
1854,@تازه های نشر - آذر97
2050,@تازه های نشر - اردیبشهت 99
11425,@تازه های نشر - اردیبهشت 1400
38050,@تازه های نشر - اردیبهشت 1401
60904,@تازه های نشر - اردیبهشت 1402
1502,@تازه های نشر - اردیبهشت 97
1907,@تازه های نشر - اردیبهشت 98
2039,@تازه های نشر - اردیبهشت 99
32627,@تازه های نشر - اسفند 1400
52548,@تازه های نشر - اسفند 1401
2025,@تازه های نشر - اسفند 98
10703,@تازه های نشر - اسفند 99
1427,@تازه های نشر - اسفند96
1897,@تازه های نشر - اسفند97
29869,@تازه های نشر - بهمن 1400
48960,@تازه های نشر - بهمن 1401
1886,@تازه های نشر - بهمن 97
2022,@تازه های نشر - بهمن 98
10242,@تازه های نشر - بهمن 99
1420,@تازه های نشر - بهمن96
14100,@تازه های نشر - تیر 1400
40515,@تازه های نشر - تیر 1401
67460,@تازه های نشر - تیر 1402
1772,@تازه های نشر - تیر 97
1972,@تازه های نشر - تیر 98
2389,@تازه های نشر - تیر 99
11574,@تازه های نشر - خرداد 1400
38727,@تازه های نشر - خرداد 1401
64050,@تازه های نشر - خرداد 1402
1561,@تازه های نشر - خرداد 97
1966,@تازه های نشر - خرداد 98
2145,@تازه های نشر - خرداد 99
27606,@تازه های نشر - دی 1400
48680,@تازه های نشر - دی 1401
1861,@تازه های نشر - دی 97
2015,@تازه های نشر - دی 98
7660,@تازه های نشر - دی 99
19177,@تازه های نشر - شهریور 1400
42216,@تازه های نشر - شهریور 1401
84187,@تازه های نشر - شهریور 1402
1840,@تازه های نشر - شهریور 97
1990,@تازه های نشر - شهریور 98
4150,@تازه های نشر - شهریور 99
11359,@تازه های نشر - فروردین 1400
34524,@تازه های نشر - فروردین 1401
56068,@تازه های نشر - فروردین 1402
1471,@تازه های نشر - فروردین 97
1903,@تازه های نشر - فروردین 98
2037,@تازه های نشر - فروردین 99
16939,@تازه های نشر - مرداد 1400
40761,@تازه های نشر - مرداد 1401
79514,@تازه های نشر - مرداد 1402
1835,@تازه های نشر - مرداد 97
1981,@تازه های نشر - مرداد 98
3580,@تازه های نشر - مرداد 99
22034,@تازه های نشر - مهر 1400
43638,@تازه های نشر - مهر 1401
85048,@تازه های نشر - مهر 1402
4363,@تازه های نشر - مهر 99
1842,@تازه های نشر - مهر97
2000,@تازه های نشر - مهر98
1514,@تازه های نشر آرما
1515,@تازه های نشر قاف بهار 97
7110,@تازه های نشر معارف
1925,@تازه های نشر کتاب فردا 98
76116,@تازه های کتاب فردا1
37136,@تجدید چاپ - بهار 1401
56067,@تجدید چاپ - بهار 1402
40535,@تجدید چاپ - تابستان 1401
71417,@تجدید چاپ - تابستان 1402
48681,@تجدید چاپ - زمستان 1401
42898,@تجدید چاپ - پاییز 1401
1508,@تخفیف ویژه
1506,@تدبر در قرآن
1864,@تربیت با کتاب
1974,@تطهیر با جاری قرآن
3728,@تکراری
3727,@تکراری1
1836,@تگ ویژه
1978,@جشن امضا اینترنتی آثار مظفر سالاری
1499,@حرف آخر عشق (قیصر امین پور)
2390,@حقوق بشر آمریکایی
48962,@حوزه هنری همدان
4988,@خاتم عشق (بسته پیشنهادی به مناسبت ولادت پیامبر اکرم)
71418,@خدازاده
1481,@خورشید کربلا
1505,@دانستنی های جانوران
1888,@دایره المعارف مصور جنگ و جنگ افزار
1512,@در محضر بهجت
1975,@دشمن شدید
1889,@دوره های رشد تفکر اجتماعی
1841,@ذخیره
1859,@راه اندازی کسب و کار
1435,@راهیان 97 - ابراهیم هادی
1433,@راهیان 97 - روایت فتح
1438,@راهیان 97 - سوره مهر
1436,@راهیان 97 - شاهد
1434,@راهیان 97 - شهید کاظمی
1437,@راهیان 97 - نارگل
1439,@راهیان 97 - یا زهرا
1423,@رضا-امیرخانی
1513,@ره توشه رمضان
1890,@روایت مصور فوتبال
1865,@روایتی از توسعه و تجاری سازی یک فناوری
1467,@روز جهانی کتاب کودک
7628,@ریحانه پیامبر (بسته پیشنهادی حضرت زهرا ویژه کودک و نوجوان)
1982,@زیباترین عید (عید غدیر)
1973,@سرچشمه (شهید بهشتی)
40814,@سفیر حسین 3
1838,@سواد رسانه ای
1431,@سید جمال الدین اسدآبادی
1468,@سید محمدباقر صدر
1470,@سید مرتضی آوینی
1862,@سیمای مسیح
2012,@شلیک به دانش (شهدای هسته ای)
1989,@شناسنامه شهدا
5128,@شهدای خان طومان
1540,@شهید محمد بروجردی
1852,@شهید مهدی زین الدین
1894,@طعم شیرین خدا
1895,@طوبای محبت
1595,@عبد صالح خدا (بسته پیشنهادی کتاب پیرامون شخصیت امام خمینی)
74038,@غدیر از زبان شترها
1848,@فئودور داستایفسکی
1504,@فریادرس (بسته نیمه شعبان 97)
1967,@قبیله لعنت
59533,@قدس_1402
44972,@قهرمان_من
1847,@لعن های نامقدس
1902,@ماجراهای مینا و سینا
1991,@مجموعه اخلاق ربانی
1705,@مجموعه از چشم انداز امام علی (ع)
1968,@مجموعه تجربه ی جوانی
1699,@مجموعه جستارهایی در اقتصاد مقاومتی
1887,@مجموعه راه زندگی
7033,@مجموعه سیره تربیتی پیامبران (برنامه سمت خدا)
4565,@مجموعه شیرین تر از شکر
7039,@مجموعه یادداشت های یک فرشته
1507,@محدث صادق
17478,@محرم 1401
76516,@محرم1402
1425,@محمد مصدق
19664,@محمدرضا_حکیمی
1851,@مدافعان حرم
1958,@مرد رویاها (مصطفی چمران)
1541,@مردی در تبعید ابدی (ملاصدرا)
24468,@مهرستان_1
1466,@نادر ابراهیمی
291,@ناشر کتاب های توزیعی
1979,@ناشر کتاب های توزیعی 2
6283,@ناشر کتاب های توزیعی 3
10710,@ناشر کتاب های توزیعی 4
39234,@ناشران خاص توزیعی 3
62296,@نمایشگاه1402
1503,@نور مطهر (بسته شهید مطهری 97)
28303,@هاشمی-1400
1482,@هدایت الله بهبودی(چهره تقدیر شده هفته انقلاب اسلامی96)
28025,@همراه با فاطمه (س)
4973,@همه ما برادریم (بسته پیشنهادی وحدت اسلامی)
5422,@پدر موشکی ایران - حسن طهرانی مقدم
7031,@پولطلا (نظام پولی تمدن نوین اسلامی)
7703,@پویش در مکتب حاج قاسم
1896,@پویش مطالعاتی همسفر
57828,@پویش کتاب 1402
1855,@پیامبر مهربانی
1441,@پیشنهاد اسفند 96
1421,@پیشنهاد بهمن 96
1845,@پیشنهاد پاتوق کتاب فردا
1801,@پیشگیری از آسیب های اجتماعی
1501,@چهره هنر انقلاب اسلامی96 (حمید حسام)
2001,@کتاب نوجوان
2004,@کتاب نوجوان - اطراف
2002,@کتاب نوجوان - جمکران
2005,@کتاب نوجوان - عهد مانا
2006,@کتاب نوجوان - قدیانی
2003,@کتاب نوجوان - کتابستان
119,@کتاب های برگزیده سمت خدا و زنده باد زندگی
1,@کتاب های توزیعی
1980,@کتاب های توزیعی 2
6287,@کتاب های توزیعی 3
10709,@کتاب های توزیعی 4
39233,@کتاب های ناشران خاص توزیعی 3
2011,@کریمه اهل بیت (بسته پیشنهادی به مناسبت ولادت حضرت معصومه)
1866,@کشف حجاب
1863,@گام های سلوک
1892,@گردو: مجموعه باشگاه مغز کودکان
1924,@یاران 7 جن
1692,آثار تاریخی
832,آثار تاریخی - ایران
1031,آثار فرهنگی
53,آثار و پیامدهای علم و تکنولوژی (3-13)
49,آثار و پیامدهای غرب و صهیونیسم (3-12)
686,آخرت
623,آداب طلبگی
1318,آداب و رسوم - ایران
1030,آزاداندیشی
471,آسیب شناسی
1277,آسیب شناسی انقلاب ایران
568,آسیب های اجتماعی
28235,آشنایی با انبیاء و ائمه
28242,آشنایی با تاریخ اسلام
28241,آشنایی با تاریخ ایران
28240,آشنایی با تاریخ جهان
28252,آشنایی با ترس
28247,آشنایی با حجاب
28237,آشنایی با حیوانات
1066,آشنایی با زیارتگاه ها
28236,آشنایی با علوم
1001,آشنایی با قرآن
28251,آشنایی با مدرسه و مهد کودک
670,آشنایی با مرگ
35996,آشنایی با مشاغل
29254,آشنایی با مفاخر ایران
28234,آشنایی با مفاهیم دینی
28245,آشنایی با نجوم
28244,آشنایی با کتابخوانی
548,آشنایی با کشورهای جهان
936,آشپزی ایرانی
242,آشپزی و خوراکی ها (4-16)
1745,آفریقای شمالی
1463,آل بویه
1534,آمریکای لاتین
28254,آموزش اعداد
28238,آموزش الفبا
28253,آموزش بهداشت
1314,آموزش زبان
1143,آموزش زبان انگلیسی
1041,آموزش زبان عربی
907,آموزش زبان فارسی
29078,آموزش زبان کودک و نوجوان
29246,آموزش سبک زندگی اسلامی
35999,آموزش سواد مالی
898,آموزش شعر
645,آموزش عالی
1827,آموزش عالی - مطالعات تطبیقی
1458,آموزش متوسطه
1189,آموزش مهارت های زندگی
981,آموزش مهارت های فردی و اجتماعی
866,آموزش مکالمه عربی
1403,آموزش نرم افزار
653,آموزش و پرورش
923,آموزش و پرورش - مطالعات تطبیقی
1202,آموزنده
1670,آنتروپولوژی
697,آواشناسی
1771,آینده پژوهی
1278,آینده پژوهی انقلاب ایران
1653,آیین دائو
1539,آیین زرتشت
1650,آیین سیک
1655,آیین شینتو
1649,آیین هندو
1689,آیین ودایی
1654,آیین کنفوسیوس
1630,اباضیه
837,اتحادیه انجمن های اسلامی
449,اثبات خدا
1093,اثر برگزیده جشنواره شعر انقلاب
1525,اجتهاد در اسلام
1621,اجنّه
495,احادیث
482,احترام به پدر و مادر
736,احزاب سیاسی
1548,احکام فقهی
1793,احکام فقهی پزشکی
1391,اخباری گری
1732,اخلاق اجتماعی
435,اخلاق اسلامی
1676,اخلاق مسیحی
1553,اخلاق و اقتصاد
1552,اخلاق و سیاست
1748,اخلاق کاربردی
1493,اخوان المسلمین
562,ادبیات
480,ادبیات انقلاب
702,ادبیات جهان
1402,ادبیات داستانی
1752,ادبیات دفاع مقدس
1379,ادبیات روم و یونان
451,ادبیات عربی
1188,ادبیات عرفانی
698,ادبیات فارسی
1816,ادبیات فارسی - نقد و بررسی
1118,ادبیات مدرن
1356,ادعیه
1299,ادعیه - ماه رمضان
1726,ادیان - آفریقا
1767,ادیان - آمریکا
1634,ادیان - ایران
1159,ادیان - مطالعات تطبیقی
1641,ادیان - هند
1651,ادیان - چین و ژاپن
32,ادیان آسمانی (1-6)
1734,ادیان آسیای مرکزی
1765,ادیان ایران باستان
1623,ادیان شرق آسیا
1144,ادیان و عرفان
34,ادیان و فرق انحرافی (3-6)
1730,ارتباطات میان فرهنگی
65,ازدواج و خانواده (2-16)
818,اسارت
1380,اساطیر ایرانی
1378,اساطیر یونانی
442,اسباب بازی
634,استراتژی
741,استشراق
1074,استعدادیابی
581,استکبارستیزی
556,اسرائیل
557,اسرائیل از نگاه مقام معظم رهبری
614,اسراف
1377,اسطوره در ادبیات
1826,اسلام - آموزش عالی
1049,اسلام - اجتماع
594,اسلام - اقتصاد
746,اسلام - انسان
1619,اسلام - ایران
809,اسلام - بهداشت
810,اسلام - بیماری
1584,اسلام - تغذیه
486,اسلام - خانواده
1040,اسلام - دانشمندان
723,اسلام - رفتار سازمانی
1349,اسلام - روابط اجتماعی
470,اسلام - روانشناسی
745,اسلام - زنان
474,اسلام - زندگی
805,اسلام - شعر و شاعری
1546,اسلام - عرفان
1411,اسلام - عقلانیت
799,اسلام - عل
797,اسلام - علم
473,اسلام - مدیریت
606,اسلام - معماری
948,اسلام - موسیقی
93,اسلام - کلیات (4-2)
1776,اسلام ستیزی
1409,اسلام شناسی
467,اسلام و دولت
436,اسلام و سیاست
45,اسلام و مدرنیته (11)
445,اسلام و یهودیان
917,اسلام گرایی
1261,اسلامی سازی علوم
1465,اسماعیلیه
1489,اشاعره
559,اصحاب امام حسین (ع)
1348,اصحاب اهل بیت (ع)
1642,اصلاح دینی
484,اصول فقه
1038,اصول فقه - اصطلاحات
28250,اعتماد به نفس
1027,اعتکاف
572,اعتیاد
671,اعجاز قرآن
1366,افسانه های ایرانی
1724,افغانستان
1129,اقتصاد
1731,اقتصاد - آمریکا
787,اقتصاد - ایران
1759,اقتصاد - تاریخ
1716,اقتصاد - غرب
1328,اقتصاد - مطالعات تطبیقی
539,اقتصاد اسلامی
668,اقتصاد مقاومتی
62,اقتصاد و تجارت (3-15)
1712,اقتصاد و حقوق
1715,اقتصاد و سیاست
1532,القاعده
706,الهیات
1519,الهیات طبیعی
891,الهیات فلسفی
503,امام باقر (ع)
507,امام جواد (ع)
509,امام حسن عسکری (ع)
500,امام حسن مجتبی (ع)
501,امام حسین (ع)
28,امام حسین (ع) و عاشورا (3-4)
669,امام خمینی (ره)
506,امام رضا (ع)
768,امام زمان
766,امام زمان (ع) - کرامات
510,امام زمان (عج)
29,امام زمان (عج) و مهدویت (4-4)
502,امام سجاد (ع)
504,امام صادق (ع)
499,امام علی (ع)
27,امام علی (ع) و غدیر (2-4)
508,امام هادی (ع)
85,امام و رهبری - سایر (4-9)
505,امام کاظم (ع)
441,امامت
1071,امامت - مطالعات تطبیقی
1451,امنیت
1034,امویان
1581,امپراتوری عثمانی
86,انبیاء و اولیای الهی - سایر (3-3)
625,انتخاب رشته
461,انتخاب همسر
1021,انتخابات
737,انتخابات ریاست جمهوری
2,انتشارات کتاب فردا
759,انتظار
1236,انتظار بشر از دین
1498,انجمن حجتیه
1264,اندرزنامه
790,انرژی هسته ای
995,انسان - نفس
620,انسان شناسی
523,انسان شناسی - مطالعات تطبیقی
1174,انسان شناسی اقتصادی
522,انسان شناسی فلسفی
747,انسان گرایی
545,انقلاب اسلامی ایران
1554,انقلاب اسلامی ایران - مطالعات تطبیقی
38,انقلاب اسلامی و حکومت دینی (2-8)
812,انقلاب مشروطه
37,انقلاب ها و ساختارهای سیاسی (1-8)
88,انقلاب و حکومت - سایر (4-8)
156,انیمیشن
511,اهل بیت (ع)
440,اهل بیت در قرآن
1490,اهل حدیث
533,اهل سنت
1646,اوشو
1704,اومانیسم
1647,اکنکار
1714,اگزیستانسیالیسم
551,ایالات متحده آمریکا
833,ایران - راهنماها
905,ایران باستان
909,ایران شناسی
880,ایلخانان
448,ایمان
1301,با ۲۰ درصد تخفیف
243,بارداری
1530,باروری - ایران
635,بازاریابی
1298,بازاریابی اینترنتی
496,بازرگانی
153,بازنویسی کتاب
157,بازی
272,بازی آموزشی
274,بازی حرکتی
271,بازی فکری
972,بازی کامپیوتری
273,بازی گروهی
1134,باستان شناسی
597,بانکداری
290,بخون و ببر
789,برجام
1711,برنامه ریزی
633,برنامه ریزی راهبردی
1090,برنده جایزه فصل کتاب جمهوری اسلامی ایران
1222,برنده جایزه من بوکر سال 2016
282,برنده جایزه نوبل ادبیات
1077,برنده جایزه کتاب سال داستان دفاع مقدس
1987,برگزیده اولین دوره جایزه ادبی و مردمی شهید اندرزگو
5078,برگزیده بیست و سومین دوره جایزه کتاب سال جمهوری اسلامی ایران
1908,برگزیده بیست و چهارمین 2 سالانه کتاب اصفهان
1085,برگزیده بیست و یکمین دوره جشنواره کتاب سال دانشجویی
1094,برگزیده جایزه ادبی شهید آوینی
163,برگزیده جایزه قیصر امین پور
1079,برگزیده جایزه گام اول
1078,برگزیده جشنواره داستان انقلاب
1123,برگزیده جشنواره ملی دانشجویی ادبیات داستانی رضوی
1122,برگزیده جشنواره هنر آسمانی
211,برگزیده دوازدهمین دوره کتاب سال دفاع مقدس
177,برگزیده دوره اول جایزه قلم زرین
1998,برگزیده دوره اول کتاب سال عاشورا
241,برگزیده دوره اول کتاب سال ولایت
167,برگزیده دوره بیست و ششم کتاب سال جمهوری اسلامی ایران
169,برگزیده دوره بیست و نهم کتاب سال جمهوری اسلامی ایران
280,برگزیده دوره بیست و هشتم کتاب سال جمهوری اسلامی ایران
168,برگزیده دوره بیست و هفتم کتاب سال جمهوری اسلامی ایران
201,برگزیده دوره دوازدهم کتاب سال شهید غنی پور
1996,برگزیده دوره دوم کتاب سال عاشورا
1994,برگزیده دوره سوم کتاب سال عاشورا
170,برگزیده دوره سی ام کتاب سال جمهوری اسلامی ایران
279,برگزیده دوره سی و یکم کتاب سال جمهوری اسلامی ایران
203,برگزیده دوره سیزدهم کتاب سال شهید غنی پور
182,برگزیده دوره هشتم جایزه قلم زرین
180,برگزیده دوره پنجم جایزه قلم زرین
184,برگزیده دوره یازدهم جایزه قلم زرین
199,برگزیده دوره یازدهم کتاب سال شهید غنی پور
1901,برگزیده دومین جشنواره کتاب سال سبک زندگی
1105,برگزیده دومین دوره کتاب سال غزل
1922,برگزیده دومین کتاب سال یزد
216,برگزیده سومین جشنواره بین المللی رسانه های دیجیتال
214,برگزیده سومین جشنواره داستان انقلاب
1920,برگزیده سی و هفتمین کتاب سال جمهوری اسلامی ایران
1359,برگزیده سیزدهمین جشنواره کتاب های آموزشی و تربیتی رشد
222,برگزیده سیزدهمین دوره کتاب سال دفاع مقدس
1910,برگزیده سیزدهمین پاسداران اهل قلم
1918,برگزیده شانزدهمین جایزه قلم زرین
1110,برگزیده شده در جشنواره خاتم
1153,برگزیده نهمین جشنواره داستان انقلاب
277,برگزیده نوزدهمین دوره جشنواره کتاب سال دانشجویی
1849,برگزیده نوزدهمین همایش کتاب سال حوزه
2998,برگزیده هجدهمین جایزه قلم زرین
1358,برگزیده هجدهمین جشنواره کتاب کودک و نوجوان
956,برگزیده هجدهمین همایش کتاب سال حوزه
1914,برگزیده هجدهمین کتاب سال شهید غنی پور
1912,برگزیده هشتمین جایزه پروین اعتصامی
1095,برگزیده هشتمین جشنواره شعر فجر (بخش شعر آزاد)
1107,برگزیده هشتمین جشنواره شعر فجر (بخش شعر سنتی)
3125,برگزیده هشتمین همایش کتاب سال حوز
1084,برگزیده هفتمین دوره گام اول در بخش شعر کلاسیک
165,برگزیده پانزدهمین همایش کتاب سال حوزه
1216,برگزیده پانزدهیمن دوره کتاب سال دفاع مقدس
1108,برگزیده پنجمین جشنواره داستان انقلاب
195,برگزیده پنجمین دوره کتاب سال شهید غنی پور
174,برگزیده چهاردهمین همایش کتاب سال حوزه
1088,برگزیده چهارمین دوره جایزه ادبی هفت اقلیم
194,برگزیده چهارمین دوره کتاب سال شهید غنی پور
205,برگزیده کتاب فصل تابستان 1388
1916,برگزیده یازدهمین جشنواره کتاب سال رضوی
1858,برگزیده یازدهمین دوره جایزه ادبی جلال آل احمد
573,بزهکاری
521,بسته مطالعاتی مهدویت
206,بسته پیشنهادی
1891,بسته پیشنهادی لحظه های انقلاب
84276,بسته کتاب حضرت زینب و زنان عاشورایی
259,بصیرت
106,بعثت، غدیر، عاشورا، مهدویت - سایر (5-4)
1158,بنیادگرایی مذهبی
1231,بهاییت
1538,بودیسم
1566,بوکوحرام
42,بیانات و سیره عملی امام و رهبری (2-9)
213,بیداری اسلامی (5-19)
975,بیماری
1555,بیمه
1183,تئاتر
1141,تاریخ
1392,تاریخ آسیای مرکزی
1825,تاریخ آموزش عالی
1522,تاریخ آموزش و پرورش
1679,تاریخ آندلس
1197,تاریخ اجتماعی
1550,تاریخ اجتهاد
1257,تاریخ ادبیات
942,تاریخ ادیان
56,تاریخ اسلام (2-14)
1680,تاریخ اسپانیا
1210,تاریخ اشکانیان
962,تاریخ اقتصاد - اروپا
1198,تاریخ اقتصادی
1818,تاریخ الجزایر
23,تاریخ انبیاء و اولیای الهی (1-3)
838,تاریخ انقلاب اسلامی ایران
1384,تاریخ ایالات متحده آمریکا
57,تاریخ ایران (3-14)
1383,تاریخ برده داری
536,تاریخ تحلیلی
1397,تاریخ تروریسم
1721,تاریخ ترکیه
1290,تاریخ تسنن
1056,تاریخ تشیع
1289,تاریخ تصوف
1658,تاریخ تفسیر قرآن کریم
1179,تاریخ تمدن اسلامی
55,تاریخ جهان (1-14)
738,تاریخ حدیث
1718,تاریخ حقوق
1832,تاریخ حوزه علمیه
1209,تاریخ خوارزمشاهیان
1528,تاریخ روسیه
1302,تاریخ سامانیان
665,تاریخ سیاسی
1316,تاریخ شفاهی
1225,تاریخ صدر اسلام
1211,تاریخ صفویه
534,تاریخ عاشورا
1709,تاریخ عراق
1168,تاریخ عرفان
704,تاریخ علم
1354,تاریخ علم اخلاق
1253,تاریخ غرب
1381,تاریخ فرانسه
1291,تاریخ فرهنگی
1685,تاریخ فقه
1326,تاریخ فلسطین
641,تاریخ فلسفه
1567,تاریخ فمینیسم
931,تاریخ قاجار
1544,تاریخ مرجعیت
943,تاریخ مسیحیت
1124,تاریخ معاصر ایران
722,تاریخ نگاری
1212,تاریخ هخامنشیان
1779,تاریخ هند
983,تاریخ هنر
1142,تاریخ و تمدن ملل اسلامی
89,تاریخ و جغرافیا - سایر (5-14)
602,تاریخ وقف
1673,تاریخ پزشکی
786,تاریخ پهلوی
1545,تاریخ پوشش و حجاب
1213,تاریخ پیشدادیان
1781,تاریخ چین
1606,تاریخ یهود
51,تاریخچه علم و تکنولوژی (1-13)
47,تاریخچه غرب و صهیونیسم (1-12)
208,تازه های نشر
529,تبعیض جنسی علیه زنان
1596,تبعیض نژادی
725,تبلیغ دینی
726,تبلیغات
1003,تجدد
820,تجربه دینی
1157,تجربه گرایی
1560,تحجر
579,تحریف
756,تحریف قرآن
788,تحریم اقتصادی
166,تحسین شده پانزدهمین همایش کتاب سال حوزه
138,تحقیق و تنظیم کتاب
1404,تحقیق و پژوهش
791,تحلیل سیاسی
1746,تحلیل و نقد فیلم
869,تحلیل و نقد نمایشنامه
1389,تحول در آموزش و پرورش
1161,تحول در حوزه علمیه
1824,تحول در دانشگاه
798,تحول در علوم انسانی
1182,تحولات منطقه خاورمیانه
1037,تراجم
1645,تربیت اخلاقی
1696,تربیت اقتصادی
1393,تربیت بدنی
569,تربیت جنسی
574,تربیت دینی
1747,تربیت عاطفی
1293,تربیت فلسفی
66,تربیت کودک، نوجوان و جوان (3-16)
713,ترتیل قرآن کریم
915,ترجمه
1023,تروریست ها
1181,تروریسم
607,تزیین خانه
1778,تساهل و مدارا
859,تشکیلات
1284,تشیع
1558,تشیع - ایران
1666,تشیع - عراق
139,تصحیح و تعلیق
535,تصوف
636,تعزیه
771,تعلیم و تربیت
758,تفاسیر اهل سنت
1265,تفاسیر عرفانی
994,تفاسیر فقهی
1250,تفاسیر فلسفی
1725,تفسیر روایی
518,تفسیر قرآن کریم
598,تفسیر موضوعی قرآن
982,تفکر
1230,تقریب مذاهب
1035,تقلید در اسلام
1616,تقویت و بهبود عملکرد مغز
125,تقویم و سررسید
147,تلخیص
616,تلقیح مصنوعی انسان
1346,تلویزیون
1829,تلویزیون - ایران
1713,تمدن - ایران
1260,تمدن اسلامی
1208,تمدن دینی
1683,تناسخ
1684,تناسخ - مطالعات تطبیقی
855,تهیه کنندگان و کارگردانان
1263,توافق هسته ای ایران
739,توحید
1674,تورات
619,توسعه
1304,توسعه - ایران
1272,توسل
871,تولید علم
1740,تک فرزندی
1815,تیموریان
1310,ثنویت
1415,جاسوسی
90,جامعه - سایر (6-15 )
1521,جامعه شناسان - آلمان
463,جامعه شناسی
1708,جامعه شناسی - آلمان
1401,جامعه شناسی - اسلام
1251,جامعه شناسی - ایران
910,جامعه شناسی - فرانسه
465,جامعه شناسی - فلسفه
464,جامعه شناسی - مطالعات تطبیقی
1215,جامعه شناسی جنگ ایران و عراق
1690,جامعه شناسی حقوق
1286,جامعه شناسی خانواده
1593,جامعه شناسی روحانیت
564,جامعه شناسی سیاسی
1756,جامعه شناسی موسیقی
1807,جامعه شناسی هنر
830,جانوران
2024,جایگزین شود
640,جبر و اختیار
1790,جبهه النصره
80,جبهه مقاومت جهانی (4-19)
1009,جرایم جنسی
576,جریان شناسی
1452,جریان شناسی اهل سنت
1478,جریان شناسی تشیع
1462,جریان شناسی جنبش های اسلامی
1475,جریان شناسی جهان اسلام
1592,جریان شناسی روحانیت
1476,جریان شناسی سلفی گری
455,جریان شناسی سیاسی
1569,جریان شناسی فمینیسم
1562,جریان شناسی فکری
1477,جریان ها و جنبش های معاصر جهان عرب
1631,جریان های فکری اس
1495,جریان های فکری اسلام
1485,جریان های فکری اهل سنت
1479,جریان های فکری تشیع
1605,جریان های فکری مسیحیت
265,جشنواره روشنا
1977,جشنواره کتاب ریحانه 2
1133,جغرافیا
827,جغرافیا - ایران
1570,جغرافیای سیاسی
1571,جغرافیای مذهبی
1531,جمعیت - ایران
816,جمهوری اسلامی ایران
1351,جنبش های اجتماعی
800,جنبش های اسلامی
583,جنسیت
682,جنگ ایر
530,جنگ ایران و عراق
1533,جنگ بوسنی
1396,جنگ جهانی دوم
1382,جنگ های صلیبی
517,جنگ و صلح
666,جهان اسلام
1775,جهان اسلام - تکفیر
1453,جهان عرب
1741,جهانگردی
828,جهانگردی زیست محیطی
1237,جهانی شدن
1579,جوان
780,جوان و اقتصاد
783,جوان و مدیریت
784,جوان و هنر
782,جوان، قرآن و ادعیه
563,حافظ
1822,حجاب - مطالعات تطبیقی
462,حجاب اسلامی
1821,حجاب در ادیان
1325,حدوث و قدم
2014,حذف شود
1587,حرب اصول گرایان
1575,حزب اعتماد ملی
1271,حزب الله لبنان
1576,حزب جبهه مشارکت
1564,حزب موتلفه اسلامی
1588,حزب نهضت آزادی
1577,حزب کارگزاران سازندگی
1145,حسابداری
1785,حضرت آدم (ع)
1332,حضرت ابراهیم (ع)
1192,حضرت ابوالفضل
1800,حضرت ادریس (ع)
1339,حضرت اسحاق (ع)
1333,حضرت اسماعیل (ع)
1342,حضرت الیاس (ع)
1828,حضرت خدیجه (س)
1787,حضرت داود (ع)
498,حضرت زهرا (س)
459,حضرت زینب (س)
1341,حضرت سلیمان (ع)
1340,حضرت شعیب (ع)
1335,حضرت صالح (ع)
1789,حضرت عزیر (ع)
748,حضرت عیسی (ع)
1336,حضرت لوط (ع)
1344,حضرت مریم (ع)
1005,حضرت معصومه (س)
1331,حضرت موسی (ع)
1334,حضرت نوح (ع)
1786,حضرت هود (ع)
1343,حضرت یحیی (ع)
1337,حضرت یعقوب (ع)
1338,حضرت یوسف (ع)
1788,حضرت یونس (ع)
1637,حفظ قرآن
254,حقوق
225,حقوق (4-15)
1762,حقوق - آمریکا
1707,حقوق - انگلستان
1045,حقوق - ایران
1046,حقوق - فرانسه
1044,حقوق - مطالعات تطبیقی
750,حقوق اسلامی
1537,حقوق بشر
944,حقوق جزا
1176,حقوق جنایی
528,حقوق خانواده
1226,حقوق مدرن
1345,حقوق مدنی
1613,حقوق مدنی - ایران
1177,حقوق کیفری
712,حماسه
1644,حنفیه
221,حوزه
447,حوزه علمیه
122,حوزه علمیه (1-25)
1160,حوزه علمیه - نظام آموزشی
1398,حوزه علمیه قم
1399,حوزه علمیه نجف
1232,حوزه و دانشگاه
651,حوزه و روحانیت
29266,حکایت و افسانه
560,حکمت عملی
1729,حکومت پهلوی
831,حیوانات
806,حیوانات در قرآن
552,خاتمیت
588,خاطرات آزادگان
589,خاطرات جنگ
531,خاطرات شهدا
1190,خانواده - اقتصاد
1287,خانواده - ایران
1191,خانواده - تغذیه
752,خاورشناسان
908,خاورشناسی
1459,خاورمیانه
100,خبر
599,خداشناسی
458,خدمات اجتماعی
765,خرافات
513,خشم
694,خلقت انسان
1180,خواستگاری
685,خودسازی
684,خودشناسی
711,خودفریبی
145,خوشنویس
960,خوشنویسان ایرانی
959,خوشنویسی
610,داروهای گیاهی
1687,داستان - انقلاب اسلامی ایران
1087,داستان - دفاع مقدس
28259,داستان تصویری
1186,داستان نویسان آمریکایی
1171,داستان نویسان ایرانی
1185,داستان نویسان خارجی
1172,داستان نویسان غربی
900,داستان نویسی
857,داستان های آلمانی
949,داستان های آمریکایی
565,داستان های آموزنده
1201,داستان های اجتماعی
497,داستان های اخلاقی
29263,داستان های اخلاقی (کودک)
825,داستان های انگلیسی
591,داستان های تاریخی
29261,داستان های تاریخی (کودک)
29259,داستان های تخیلی (کودک)
1204,داستان های تخیلی و فانتزی
28248,داستان های ترسناک
29260,داستان های ترسناک (کودک)
1276,داستان های ترکمنی
1262,داستان های ترکی
28261,داستان های تعاملی
1371,داستان های حماسی
1072,داستان های حیوانات
29265,داستان های حیوانات (کودک)
701,داستان های خارجی
1511,داستان های خارجی - نقد و بررسی
1203,داستان های دانمارکی
29080,داستان های روانشناختی (کودک)
822,داستان های روسی
1306,داستان های سیاسی
1804,داستان های صربی
1243,داستان های عاشقانه
985,داستان های عربی
29079,داستان های علمی (کودک)
877,داستان های فارسی
1372,داستان های فارسی - نقد و بررسی
703,داستان های فرانسوی
28249,داستان های فلسفی
29264,داستان های فلسفی (کودک)
29262,داستان های مذهبی (کودک)
764,داستان های مذهبی و دینی
1784,داستان های مصری
988,داستان های ویتنامی
892,داستان های ژاپنی
1255,داستان های کانادایی
1330,داستان پیامبران
1279,داستان کوتاه
1648,دالایی لاما
624,دانستنی ها
493,دانش و دانش اندوزی
836,دانشجویان
1444,دانشجویان - مسائل اجتماعی
699,دانشمندان
644,دانشگاه
1424,دانشگاه - ایران
212,دانشگاهی (2-25)
28262,دایره المعارف و اطلس
679,دختران
1610,دختران - بهداشت
718,درمانگری
1128,دروس عمومی
1583,دستاوردهای انقلاب اسلامی ایران
1639,دشمن شناسی
231,دفاتر قاصدک
889,دفاع هوایی
240,دفتر 100 برگ
269,دفتر 30 برگ
250,دفتر 40 برگ
239,دفتر 50 برگ
248,دفتر 60 برگ
238,دفتر 80 برگ
258,دفتر آزاده
246,دفتر ایام
227,دفتر ایرانی
228,دفتر بی خط (نقاشی)
1563,دفتر تحکیم وحدت
236,دفتر تک خط (مشق)
229,دفتر ثنا و ثمین
235,دفتر خانواده رضوی
247,دفتر دو خط (زبان انگلیسی)
251,دفتر روشنا
260,دفتر رویش
263,دفتر سنجد خبرنگار
230,دفتر سینا
261,دفتر شهدا
232,دفتر شکرستان
256,دفتر مختار
237,دفتر نقوش سنتی
252,دفتر هدهد
262,دفتر پارسا
268,دفتر پایتخت
249,دفتر پروانه ها
233,دفتر پهلوانان
253,دفتر کلاسیک
234,دفتر کلاه قرمزی و پسرخاله
1060,دوران غیبت
989,دوستی
1207,دولت اسلامی عراق و شام (داعش)
1624,دکتر علی شریعتی
1000,دین - زندگی
91,دین - سایر (5-6)
546,دین - فلسفه
622,دین اسلام
757,دین داری
688,دین و اخلاق
472,دین و جامعه شناسی
1628,دین و روانشناسی
1736,دین و سینما
1448,دین پژوهی
1492,دیوبندیه
1799,رادیو
140,راوی
1008,ربا
189,رتبه اول دوره اول کتاب سال شهید غنی پور
192,رتبه اول دوره سوم کتاب سال شهید غنی پور
196,رتبه اول دوره ششم کتاب سال شهید غنی پور
185,رتبه اول دوره نهم کتاب سال شهید غنی پور
198,رتبه اول دوره هشتم کتاب سال شهید غنی پور
1089,رتبه اول چهارمین جشنواره داستان انقلاب
188,رتبه دوم دوره اول کتاب سال شهید غنی پور
191,رتبه دوم دوره دوم کتاب سال شهید غنی پور
193,رتبه دوم دوره سوم کتاب سال شهید غنی پور
197,رتبه دوم دوره ششم کتاب سال شهید غنی پور
186,رتبه دوم دوره نهم کتاب سال شهید غنی پور
1120,رتبه دوم هفتمین جشنواره داستان انقلاب
190,رتبه سوم دوره اول کتاب سال شهید غنی پور
761,رجعت
677,رساله عملیه
1274,رسانه
674,رسانه خبری
676,رسانه مستند
1693,رسانه های اجتماعی
1412,رسانه های مجازی
617,رسانه های گروهی
1220,رسانه های گروهی و خانواده
450,رسانه های گروهی و دین
26,رسول اکرم (ص) و بعثت (1-4)
1075,رشد اجتماعی
661,رشد اقتصادی
437,رشد سیاسی
70,رفتار (3-17)
570,رفتار جنسی
1223,رفتار سازمانی
28256,رمان نوجوان
73,رمان و داستان کوتاه (2-18)
28257,رمان کودک
28258,رنگ آمیزی
1617,رنگ آمیزی برای بزرگسالان
1394,روابط بین الملل
1414,روابط خارجی انگلستان
656,روابط خارجی ایالات متحده آمریکا
929,روابط خارجی ایران
655,روابط خارجی ایران و ایالات متحده
932,روابط خارجی ایران و عراق
930,روابط خارجی ایران و فرانسه
921,روابط دختر و پسر
920,روابط زن و مرد
68,روان (1-17)
720,روان درمانی
567,روان شناسی تربیتی
715,روانخوانی قرآن
717,روانشناسی
819,روانشناسی - سینما
1199,روانشناسی آسیب شناختی
785,روانشناسی جوانان
1256,روانشناسی رشد
87,روانشناسی، انسان و تربیت - سایر (4-17)
721,روانکاوی
899,روایت گری
1285,روحانیت - فعالیت های سیاسی
714,روخوانی قرآن
716,روخوانی و روانخوانی
675,روزنامه نگاری
924,روش تحصیل
1657,روش تدریس
873,روش شناسی
1527,روش شناسی اجتهاد
35,روش شناسی، منطق، فلسفه و عرفان (7)
1014,روشنفکران
707,روشنفکری
1625,روشنفکری دینی
578,روضه خوانی
207,رونمایی از کتاب
794,رژیم غذایی
1315,زبان آموزی
1367,زبان اسپرانتو
1242,زبان انگلیسی
1147,زبان انگلیسی تخصصی علوم انسانی
1148,زبان انگلیسی تخصصی علوم پایه و فنی مهندسی
1149,زبان انگلیسی تخصصی علوم پزشکی
584,زبان دین
731,زبان شناسی
925,زبان عربی
933,زبان فارسی
621,زبان قرآن
1150,زبان و ادبیات انگلیسی
1136,زبان و ادبیات روسی
1146,زبان و ادبیات عربی
1139,زبان و ادبیات فارسی
1135,زبان و ادبیات فرانسه
835,زمین شناسی
64,زن (1-16)
466,زن در اسلام
1244,زن در غرب
582,زن در قرآن
92,زن و خانواده - سایر (7-16)
460,زناشویی
1808,زنان - آموزش عالی
1823,زنان - ادیان
1413,زنان - اشتغال
986,زنان - ایران
1447,زنان - علم آموزی
968,زنان - مسائل و مشکلات اجتماعی
1665,زنان - مسیحیت
1245,زنان - مطالعات تطبیقی
969,زنان - وضع حقوقی و قوانین
811,زنان دانشمند
1524,زنان شهید
608,زندگی مشترک
28263,زندگینامه
58,زندگینامه و خاطرات (4-14)
41,زندگینامه و خاطرات امام و رهبری (1-9)
558,زیارت اربعین
1390,زیارت اهل بیت (ع)
763,زیارت عاشورا
1064,زیارتنامه
1065,زیارتگاه ها
1025,زیبایی شناسی
1026,زیبایی شناسی - اقتصاد
1486,زیدیه
1580,سازمان مجاهدین انقلاب اسلامی
1012,ساسانیان
218,سبک زندگی (5-16)
1200,سبک زندگی - دفاع مقدس
1780,سبک زندگی - مطالعات تطبیقی
1369,سبک های ادبی
1347,ستایشگری و مداحی
131,سخنران
487,سخنوری
1430,سردار شهید قاسم سلیمانی
1214,سرداران جنگ ایران و عراق
128,سردبیر
961,سرمایه داری
532,سرگذشتنامه
281,سرگرمی و ورزش (6-16)
888,سفرنامه
1620,سلجوقیان
1813,سلسله صفاریان
1812,سلسله طاهریان
1058,سلفی گری
1565,سلفیه جهادی
1768,سلوکیان
1374,سمبولیسم
683,سنت های الهی
28246,سواد رسانه ای
1697,سواد مالی
1572,سوریه
658,سوگواری
1068,سکولاریسم
1076,سیاست اقتصادی
1119,سیاست خارجی
1442,سیاست فرهنگی
60,سیاست و امنیت (1-15)
468,سیاست و حکومت
1770,سیاست و حکومت - اروپا
1254,سیاست و حکومت - ایران
1029,سیاست و علم
1320,سیاست و فرهنگ
1719,سیاست گذاری
1125,سیاستمداران
20272,سید موسی صدر
155,سیر مطالعاتی
834,سیر و سیاحت
24,سیره انبیاء و اولیای الهی (2-3)
1410,سیره اهل بیت (ع)
492,سیره نبوی
626,سینما
1517,سینما - انگلستان
1196,سینما - ایران
1273,سینما - تاریخ
1720,سینما - جنبه های اجتماعی
1169,سینما - سیاست
1170,سینما - شرق شناسی
1195,سینما - فلسفه
1300,سینما - هالیوود
1737,سینمای دینی
627,سینمای مستند
149,شارح کتاب
966,شاعران
1280,شاعران عرب
958,شایسته تحسین هجدهمین همایش کتاب سال حوزه
1909,شایسته تقدیر بیست و چهارمین 2 سالانه کتاب اصفهان
1121,شایسته تقدیر جشنواره داستان انقلاب
1101,شایسته تقدیر جشنواره کتاب سال دانشجویی
1997,شایسته تقدیر دور دوم کتاب سال عاشورا
1999,شایسته تقدیر دوره اول کتاب سال عاشورا
171,شایسته تقدیر دوره بیست و هشتم کتاب سال جمهوری اسلامی ایران
1099,شایسته تقدیر دوره بیست و پنجم کتاب فصل
202,شایسته تقدیر دوره دوازدهم کتاب سال شهید غنی پور
178,شایسته تقدیر دوره سوم جایزه قلم زرین
1995,شایسته تقدیر دوره سوم کتاب سال عاشورا
172,شایسته تقدیر دوره سی ام کتاب سال جمهوری اسلامی ایران
1086,شایسته تقدیر دوره سی و دوم کتاب سال جمهوری اسلامی ایران
1357,شایسته تقدیر دوره سی و چهارم کتاب سال جمهوری اسلامی ایران
173,شایسته تقدیر دوره سی و یکم کتاب سال جمهوری اسلامی ایران
1106,شایسته تقدیر دوره سیزدهم جایزه قلم زرین
1116,شایسته تقدیر دوره شانزدهم کتاب سال شهید غنی پور
187,شایسته تقدیر دوره نهم کتاب سال شهید غنی پور
181,شایسته تقدیر دوره هفتم جایزه قلم زرین
179,شایسته تقدیر دوره چهارم جایزه قلم زرین
183,شایسته تقدیر دوره یازدهم جایزه قلم زرین
200,شایسته تقدیر دوره یازدهم کتاب سال شهید غنی پور
1900,شایسته تقدیر دومین جشنواره کتاب سال سبک زندگی
1923,شایسته تقدیر دومین کتاب سال یزد
215,شایسته تقدیر سومین جشنواره بین المللی رسانه های دیجیتال
1921,شایسته تقدیر سی و هفتمین کتاب سال جمهوری اسلامی ایران
175,شایسته تقدیر سیزدهمین دوره کتاب سال حوزه
1911,شایسته تقدیر سیزدهمین پاسداران اهل قلم
1919,شایسته تقدیر شانزدهمین جایزه قلم زرین
1051,شایسته تقدیر شانزدهمین همایش کتاب سال حوزه
257,شایسته تقدیر ششمین جشنواره علامه حلی
1850,شایسته تقدیر نوزدهمین همایش کتاب سال حوزه
957,شایسته تقدیر هجدهمین همایش کتال سال حوزه
1915,شایسته تقدیر هجدهمین کتاب سال شهید غنی پور
1913,شایسته تقدیر هشتمین جایزه پروین اعتصامی
1113,شایسته تقدیر چهارمین جشنواره داستان انقلاب
1917,شایسته تقدیر یازدهمین جشنواره کتاب سال رضوی
1857,شایسته تقدیر یازدهمین دوره جایزه ادبی جلال آل احمد
43,شرح بیانات و دیدگاه های امام و رهبری (3-9)
654,شرح حال
1742,شرح و تفسیر ادعیه و زیارات
16,شرح و تفسیر متون اصلی (3-1)
740,شرق شناسی
1324,شرق و غرب
485,شروح، ترجمه و تلخیص
514,شعر - آیینی
1162,شعر - اجتماعی، سیاسی
1368,شعر - اخلاقی، عرفانی
1163,شعر - انقلاب اسلامی ایران
1461,شعر - ایران
618,شعر - دفاع مقدس
1370,شعر - طنز
1100,شعر - عاشقانه
1281,شعر - مصاحبه
1376,شعر - مطالعات تطبیقی
1373,شعر - نقد و بررسی
1362,شعر حماسی
1535,شعر خارجی
29071,شعر خردسال
804,شعر در اسلام
1536,شعر شیلیایی
803,شعر عربی
561,شعر فارسی
1363,شعر فارسی - تاریخ
1055,شعر فارسی - قالب های نو
1054,شعر فارسی - قالب های کهن
1364,شعر فارسی - نقد و بررسی
890,شعر فرانسوی
1313,شعر مذهبی
29073,شعر نوجوان
74,شعر و نثر ادبی (3-18)
29072,شعر کودک
1695,شمایل نگاری
1733,شمنیسم
512,شناخت
28239,شناخت احساسات
1523,شناخت قرآن
861,شهدا - سوریه
1385,شهدای انرژی هسته ای
2026,شهدای قرآنی
1013,شهرسازی
903,شهید بهشتی
547,شک گرایی
730,شکاکیت
1586,شیطان پرستی
1283,شیعه
1474,شیعه شناسی
129,صاحب امتیاز
1496,صحابه پیامبر اکرم (ص)
829,صحرا و بیابان
751,صحیفه سجادیه
876,صدا و صوت
875,صدابرداری
700,صرف و نحو
613,صرفه جویی
652,صفویه
934,صنایع دستی
860,صهیونیسم
161,صوت
1288,صوفیه
1494,صوفیه - ایران
817,ضرب المثل
1365,ضرب المثل های فارسی
1497,طالبان
802,طب اسلامی
793,طب ایرانی
219,طب سنتی و طب نوین (4-13)
951,طب گیاهی
144,طراح
729,طلاق
863,طنز
1405,طنز - سیاسی، اجتماعی
1406,طنز - نقد و بررسی
1408,طنز آمریکایی
176,طنز ادبی (7-18)
1407,طنز خارجی
1178,طنز فارسی
29077,طنز نوجوان
29076,طنز کودک
878,عارفان
555,عالم برزخ
879,عباسیان
596,عدالت
808,عرفا
938,عرفان
1319,عرفان - اصطلاحات
1694,عرفان - مسیحیت
1669,عرفان - مطالعات تطبیقی
1668,عرفان - هند
1672,عرفان - یهودیت
1297,عرفان اسلامی
650,عرفان حلقه
432,عرفان شیعی (شاخه عرفان عملی)
795,عرفان عملی
595,عرفان نظری
1585,عرفان های نوظهور
649,عرفان های کاذب
659,عزاداری
1429,عصر رنسانس
727,عصمت
1004,عقل و اخلاق
692,عقل و ایمان
997,عقل و دین
1635,عقل و عشق
998,عقل و فقه
1656,عقل و وحی
691,عقل گرایی
709,عقلانیت
1510,عقلانیت خودبنیاد
687,علم اخلاق
1131,علم اطلاعات و دانش شناسی
996,علم النفس
452,علم بلاغت
1166,علم بومی
964,علم درایه الحدیث
870,علم دینی
762,علم رجال
1703,علم ریاضی
1806,علم شیمی
1022,علم فیزیک
742,علم منطق
1156,علم نجوم
1754,علم و ایمان
94,علم و تکنولوژی - سایر (5-13)
1032,علم و دین
577,علم کلام
1677,علم کلام - مطالعات تطبیقی
446,علما و مجتهدان
734,علوم اجتماعی
1450,علوم اجتماعی - اسلام
1445,علوم اجتماعی - ایران
1352,علوم اجتماعی - غرب
927,علوم اجتماعی - فلسفه
926,علوم اجتماعی - مطالعات تطبیقی
1751,علوم اسلامی
710,علوم انسانی
1446,علوم انسانی - ایران
872,علوم انسانی اسلامی
1127,علوم تربیتی
1717,علوم حدیث - تشیع
550,علوم سیاسی
549,علوم سیاسی - آمریکا
1282,علوم سیاسی - اصطلاحات
1723,علوم سیاسی - افغانستان
1706,علوم سیاسی - انگلستان
456,علوم سیاسی - ایران
801,علوم سیاسی - بحرین
1248,علوم سیاسی - برزیل
1329,علوم سیاسی - تاریخ
1457,علوم سیاسی - تحقیق
1722,علوم سیاسی - ترکیه
1454,علوم سیاسی - جهان عرب
1456,علوم سیاسی - روش شناسی
469,علوم سیاسی - عراق
1024,علوم سیاسی - عربستان سعودی
1353,علوم سیاسی - غرب
815,علوم سیاسی - فرانسه
999,علوم سیاسی - مطالعات تطبیقی
950,علوم طبیعی
672,علوم قرآن
1039,علوم قرآن - اصطلاحات
1130,علوم قرآن و حدیث
1132,علوم ورزشی
1559,علویان
2016,عماریار
527,عهد جدید
526,عهد عتیق
1797,عهدین - مطالعات تطبیقی
515,عوام و خواص
134,عکاس
769,عکاسی
770,عکاسی هنری
749,عیسی مسیح (ع)
1164,غرب شناسی
1460,غرب و جنوب غرب آسیا
96,غرب و صهیونیسم - سایر (4-12)
1814,غزنویان
947,غنا
1309,غنوصیان
1033,غیبت صغری
1464,فاطمیان (اسماعیلیه)
1036,فتن و ملاحم
108,فتنه و جنگ نرم
1777,فدائیان اسلام
1443,فرار مغزها
1675,فراماسونری
1739,فراماسونری - ایران
1728,فرانسه
1761,فرزند
603,فرزندپروری
524,فرشتگان
1472,فرق اسلامی
33,فرق و مذاهب اسلامی (2-6)
1488,فرق کلامی و فقهی اسلام
1484,فرق کلامی و فقهی اهل سنت
1483,فرق کلامی و فقهی تشیع
1632,فرقه خوارج
1305,فرهنگ - ایران
601,فرهنگ اسلامی
1240,فرهنگ لغت
220,فرهنگ نامه ها و دایرة المعارف ها (22)
44,فرهنگ و تمدن (10)
97,فرهنگ پایداری - سایر (6-19)
77,فرهنگ پایداری انقلاب اسلامی (1-19)
78,فرهنگ پایداری دفاع مقدس (2-19)
79,فرهنگ پایداری فلسطین، لبنان، یمن و سوریه (3-19)
61,فرهنگ، رسانه و ارتباطات اجتماعی (2-15)
922,فعالیت های سیاسی - ایران
489,فقه
593,فقه - اقتصاد
1574,فقه - اهل سنت
1578,فقه - تشیع
689,فقه - مطالعات تطبیقی
690,فقه - معاملات
1317,فقه استدلالی
965,فقه الحدیث
1063,فقه تربیتی
1743,فقه خانواده
1312,فقه زنان
491,فقه سیاسی
1627,فقه مقارن
1549,فقه پوشش
753,فلاسفه
1766,فلسطین
853,فلسفه - آلمان
580,فلسفه - اسلام
1152,فلسفه - ایران
1295,فلسفه - فرانسه
1667,فلسفه - مسیحیت
733,فلسفه - مطالعات تطبیقی
1547,فلسفه - هند
1520,فلسفه - چین
1643,فلسفه - یهودیت
478,فلسفه - یونان
728,فلسفه اخلاق
1688,فلسفه اشراق
1428,فلسفه باستان
28243,فلسفه برای کودک (فبک)
970,فلسفه تاریخ
1019,فلسفه تحلیلی
1270,فلسفه تعلیم و تربیت
724,فلسفه جدید
973,فلسفه حقوق
1233,فلسفه حوزه
646,فلسفه دانشگاه
1664,فلسفه دین
1764,فلسفه زبان
1819,فلسفه زمان
940,فلسفه زندگی
457,فلسفه سیاسی
1311,فلسفه عرفان
796,فلسفه علم
1831,فلسفه علوم انسانی
1015,فلسفه عمل
642,فلسفه غرب
1042,فلسفه فقه
1020,فلسفه قاره ای
1194,فلسفه قدیم
1671,فلسفه قرون وسطی
1702,فلسفه مشاء
648,فلسفه مضاف
1018,فلسفه معاصر
1518,فلسفه معماری
984,فلسفه هنر
1294,فلسفه و تربیت
439,فلسفه و دین
1292,فلسفه و عرفان
1140,فلسفه و کلام
744,فمینیسم
1568,فمینیسم - ایران
977,فن نگارش
541,فنون و روش ها
1235,فهم دین
1069,فهم قرآن
1247,فوتبال
69,فکر (2-17)
754,فیلسوفان
980,فیلم - تدوین
856,فیلم - کارگردانی
164,فیلم سینمایی
1052,فیلمنامه
628,فیلمنامه نویسی
1217,قاجاریه
1361,قانون اساسی - ایران
1612,قانون مدنی
490,قانون گذاری
434,قرآن
1173,قرآن - انسان
1636,قرآن - تجوید
1662,قرآن - ترجمه
1175,قرآن - حقوق
1597,قرآن - سوره ها
1010,قرآن - صوت و لحن
1633,قرآن - محکم و متشابه
1798,قرآن - مطالعات تطبیقی
1810,قرآن - نمایشنامه
993,قرآن - واژه شناسی
1070,قرآن و سیاست
693,قرآن و عقل
1323,قرون وسطی
494,قصاص
807,قصص قرآن
586,قصه گویی
639,قضا و قدر
1050,قضاوت
1234,قلمرو دین
992,قواعد فقهی
767,قیام عاشورا
1067,لائیسیته
1573,لبنان
1811,لغت شناسی
911,لهجه های ایران
226,لوازم التحریر
82,لوح فشرده، عکس و فلش کارت (24)
1017,لیبرالیسم
1487,ماتریدیه
1218,مادران شهدا
963,مادری
1611,ماساژ
1589,ماهواره
95,مبانی فکری - فلسفی غرب و صهیونیسم (2-12)
30,مبانی نظری دین و کلام جدید (5)
52,مبانی نظری علم و تکنولوژی (2-13)
72,مبانی نظری هنر (1-18)
1988,مباهله
821,متافیزیک
127,مترجم
1137,مترجمی زبان انگلیسی
1249,متفکران اسلام
1205,متفکران ایران
1473,متفکران شیعه
14,متون اصلی اسلامی (1-1)
28260,متون کهن
941,متکلمان شیعه
1111,مجاهدین خلق
83,مجلات و بروشورها (22)
1449,مجلس خبرگان رهبری
732,مجلس شورای اسلامی
18865,مجله
1763,مجمسه سازی
1590,مجمع روحانیون مبارز
158,مجموعه تلویزیونی (سریال)
152,محرٍّر کتاب
1047,محیط زیست
904,مدرنیته
1388,مدعیان مهدویت
130,مدیر مسئول
632,مدیریت
896,مدیریت - آلمان
893,مدیریت - ایران
895,مدیریت - چین
894,مدیریت - ژاپن
631,مدیریت اجرایی
657,مدیریت استراتژیک
1126,مدیریت جهادی
1252,مدیریت دولتی
1660,مدیریت زمان
1661,مدیریت صنعتی
1321,مدیریت فرهنگی
255,مدیریت، برنامه ریزی و کار (5-15)
1011,مذاهب اسلامی
660,مرثیه سرایی
1543,مرجعیت در اسلام
681,مرد
735,مردم شناسی
284,مسابقه کتاب و زندگی
224,مستن
160,مستند
132,مستندساز
743,مسیحیت
1638,مسیحیت - اعتقادات
1640,مسیحیت - عقلانیت
1760,مشاعره
979,مشاهیر - ایران
719,مشاوره
813,مشروطیت
1774,مشکلات جنسی
137,مصاحبه گر
874,مصاحبه گری
1151,مطالعات کتاب درسی دانشگاهی
919,مطالعه
991,مطبوعات
1701,معاد جسمانی
98,معارف قرآن، حدیث و اهل بیت - سایر (5-1)
453,معانی بیان بدیع
1491,معتزله
600,معرفت الله
537,معرفت شناسی
477,معرفت شناسی - مطالعات تطبیقی
476,معرفت شناسی دینی
664,معرفی شده توسط کتب درسی
210,معرفی کامل
245,معرفی کتاب
270,معما، سرگرمی و بازی
605,معماری
886,معماری باستانی ایران
1551,مفردات قرآن
1002,مفسران
103,مقالات
1327,مقاومت اسلامی
1557,مقتل شناسی
151,مقرّر کتاب
814,ملی شدن صنعت نفت
1386,مناجات ادبی
17,مناجات، توسل و زیارت (4-1)
1395,منطق جدید
1805,منطق کلاسیک
488,مهارت های تبلیغ
587,مهارت های والدین
204,مهدوی
1749,مهدویت
760,مهدویت - مطالعات تطبیقی
667,مواجهه اسلام و غرب
1154,مواجهه ایران و غرب
1455,مواجهه جهان عرب با مدرنیته
29068,مواجهه کودک با طلاق
571,مواد مخدر
881,موسیقی
913,موسیقی - ایران
883,موسیقی - تاریخ
914,موسیقی - عربی
882,موسیقی جهان
1783,موسیقی دانان
1322,موفقیت
126,مولف
1048,مکاتب اخلاقی
1043,مکاتب فقهی
937,مکاتب فلسفی
705,مکانیک
629,مکتب تفکیک
954,مینیاتور
1663,ناخودآگاهی
148,ناقد کتاب
1114,نامرد دوره چهاردهم جایزه قلم زرین
1097,نامزد جایزه قلم زرین
1091,نامزد دوره سی و دوم کتاب سال جمهوری اسلامی ایران
1102,نامزد دوره سیزدهم جایزه قلم زرین
1082,نامزد دوره سیزدهم کتاب سال شهید غنی پور
1112,نامزد دوره شانزدهم کتاب سال شهید غنی پور
1109,نامزد دوره پانزدهم کتاب سال شهید غنی پور
1098,نامزد دوره چهاردهم کتاب سال شهید غنی پور
1081,نامزد سی و یکمین دوره کتاب سال جهموری اسلامی
1083,نامزد شانزدهمین دوره کتاب سال دفاع مقدس
1115,نامزد نهمین دوره جایزه جلال آل احمد
1104,نامزد هشتمین جایزه ادبی جلال آل احمد
1103,نامزد پانزدهمین دوره کتاب سال شهید غنی پور
1096,نامزد کتاب سال جمهوری اسلامی ایران
1092,نامزد کتاب سال دفاع مقدس در حوزه گردآوری های ادبی
1080,نامزد کتاب فصل جمهوری اسلامی ایران
454,نبوت
553,نبوت - مطالعات تطبیقی
159,نرم افزار
1016,نسبی گرایی
1258,نسخ خطی
974,نسخه شناسی
19,نظام اخلاقی اسلام (1-2)
21,نظام رفتاری، احکام و اصول فقه اسلام (3-2)
20,نظام فکری و اعتقادی اسلام (2-2)
1360,نفاق
142,نقاش
953,نقاشی
1820,نقاشی - ایران
1691,نقاشی دیواری
109,نقد ادبی
1059,نقد علوم انسانی غرب
630,نقد فلسفه
1206,نقد و تفسیر آراء متفکران ایران معاصر
1417,نقد و تفسیر آراء متفکران جهان اسلام
223,نقد کتاب
1375,نمادگرایی
475,نماز
1750,نماز جمعه
1796,نمایش - ایران
849,نمایشنامه آمریکایی
823,نمایشنامه انگلیسی
1782,نمایشنامه ایتالیایی
847,نمایشنامه ایرانی
824,نمایشنامه خارجی
826,نمایشنامه روسی
846,نمایشنامه فارسی
845,نمایشنامه فرانسوی
637,نمایشنامه مذهبی
854,نمایشنامه نروژی
29075,نمایشنامه نوجوان
868,نمایشنامه نویسان ایرانی
1516,نمایشنامه نویسان خارجی
1269,نمایشنامه نویسی
29074,نمایشنامه کودک
848,نمایشنامه یونانی
75,نمایشنامه، فیلمنامه، تئاتر، سینما و تلویزیون (5-18)
604,نهج البلاغه
1418,نومعتزله
143,نویسنده مقدمه
1117,نیهیلیسم
647,هدف دانشگاه
708,هرمنوتیک
538,هستی شناسی
2010,هفته کتاب و کتابخوانی - تخفیف 15%
2008,هفته کتاب و کتابخوانی - تخفیف 20%
2009,هفته کتاب و کتابخوانی _ آبان 98
1165,همسران شهدا
678,همسران پیامبر
520,همسرداری
935,همسرگزینی
1138,هنر
1817,هنر - ایران
615,هنر اسلامی
1053,هنر مسیحی
1155,هنر و دین
99,هنر، ادبیات و زبان شناسی - سایر (8-18)
978,هنرمندان - ایران
1187,هنرهای سنتی
74088,هوش مصنوعی
1753,هولوکاست
30316,واژه آموزی
1239,واژه نامه
1241,واژه نامه - انگلیسی به فارسی
1268,واژه نامه - عربی به فارسی
1622,واژه نامه - فارسی به اسپانیایی
1350,واژه نامه - فارسی به انگلیسی
1267,واژه نامه - فارسی به عربی
1228,وحدت اسلامی
1227,وحدت بین ادیان و مذاهب (4-6)
1229,وحدت شیعه و سنی
1238,وحی - مطالعات تطبیقی
438,وحی و الهام
1246,ورزش - جنبه های سیاسی و اجتماعی
1167,ورزش پهلوانی
430,وزیع
1006,وقف
39,ولایت فقیه و قانون اساسی (3-8)
1057,وهابیت
135,ویراستار
976,ویراستاری
275,پازل
1296,پدیدارشناسی
858,پرندگان
1556,پرورش خلاقیت
638,پرورش هوش و حافظه
887,پزش
1061,پزشکی - ایران
1062,پزشکی - خاطرات
792,پزشکی سنتی
680,پسران
946,پلورالیسم
945,پلورالیسم دینی
928,پوشش اسلامی
283,پویش مطالعاتی روشنا
1986,پویش کتابخوانی کتاب قهرمان
1400,پیامبر اس
483,پیامبر اسلام (ص)
1355,پیامبران الهی
1629,پیامبران در قرآن
1526,پیش نیازهای اجتهاد
431,پیشنها ما
4,پیشنهاد ما
217,چاپ جدید
695,کارآفرینی
851,کاردستی
133,کارگردان
110,کاریکاتور
864,کاریکاتور - طراحی
146,کاریکاتوریست
884,کاشی کاری
885,کاشی کاری - ایران
276,کتاب شایسته سال 1374
267,کتاب صوتی
1028,کتاب فروشی و کتاب فروشان
673,کتاب قصه
525,کتاب مقدس
906,کتاب های درسی برای خارجی ها
10875,کتاب های پرفروش سال 99
918,کتاب و کتابخوانی
1007,کتابشناسی
1266,کتیبه شناسی
433,کثرت گرایی مذهبی
1193,کرامات اهل بیت
516,کربلا
1833,کسب و کا
696,کسب و کار
585,کشف حجاب
1727,کشور غنا
1744,کشور لیبی
1626,کشور هند
1416,کشورهای اسلامی
1682,کلام - اهل سنت
1681,کلام - تشیع
1678,کلام اسلامی
1224,کلام جدید - مطالعات تطبیقی
244,کلیپ
862,کمیک استریپ
865,کمیک استریپ - آموزش
81,کودکان و نوجوانان (20)
987,کیهان شناسی
4174,گام دوم انقلاب
141,گرافیست
955,گرافیک
136,گردآورنده
1738,گردشگری
28230,گروه سنی الف: سه تا چهار سال
28229,گروه سنی الف: صفر تا دو سال
28231,گروه سنی الف: پنج تا شش سال
839,گروه سنی ب: هفت تا نه سال
840,گروه سنی ج: ده تا دوازده سال
901,گروه سنی د: سیزده تا پانزده سال
902,گروه سنی ه: شانزده تا هجده سال
1219,گروه های تکفیری
105,گزارش
15,گزیده متون اصلی (2-1)
104,گفتگو
939,گناه
1308,گنوستیسیم
912,گویش های ایرانی
609,گیاه درمانی
990,گیاه شناسی
162,یادداشت
971,یادگیری
1582,یهود در قرآن
897,یهودیت
1652,یهودیت - اعتقادات
1618,یوگا
