node_id,node_title
141,آثار و پیامدهای صهیونیسم و استکبار بین المللی (3-12)
136,آثار و پیامدهای علم و تکنولوژی (3-13)
91,آداب معاشرت، دوستی و محبت (7-28)
169,آداب و رسوم (8-28)
88,آشپزی و تغذیه (4-28)
196,آلبوم موسیقی
75,آموزش مکالمه (2-30)
198,اخبار
170,اخلاق و علوم تربیتی (7-15)
57,ادبیات (29)
84,ادبیات - سایر (20-29)
159,ادیان (1-6)
163,ادیان - سایر (20-6)
36,ادیان و فرق (6)
119,ازدواج و خانواده (2-16)
175,اسباب بازی و سرگرمی
32,اسلام (2)
69,اسلام - سایر (20-2)
68,اسلام - کلیات (4-2)
191,الگوی مصرف (10-28)
166,امام حسین (ع) و عاشورا (3-4)
167,امام زمان (عج) و مهدویت (4-4)
165,امام علی (ع) و غدیر (2-4)
153,انقلاب اسلامی و حکومت دینی (2-8)
152,انقلاب ها و ساختارهای سیاسی (1-8)
38,انقلاب و حکومت (8)
155,انقلاب و حکومت - سایر (20-8)
194,انیمیشن
33,اهل بیت و انبیاء الهی (ع) (3)
73,اهل بیت و انبیاء الهی (ع) - سایر (20-3)
90,اوقات فراغت، تفریح و سفر (6-28)
195,بازی رایانه ای
188,بسته پیشنهادی
34,بعثت، غدیر، عاشورا، مهدویت (4)
168,بعثت، غدیر، عاشورا، مهدویت (سایر) (20-4)
149,بیانات و سیره عملی امام و رهبری (2-9)
89,بیماری، طب سنتی و طب نوین (5-28)
44,تاریخ (14)
133,تاریخ - سایر (20-14)
130,تاریخ اسلام (2-14)
131,تاریخ ایران (3-14)
129,تاریخ جهان (1-14)
70,تاریخ و سیره اهل بیت و انبیاء الهی (ع) (1-3)
139,تاریخچه صهیونیسم و استکبار بین المللی (1-12)
134,تاریخچه علم و تکنولوژی (1-13)
143,تاریخچه غرب و مدرنیته (1-11)
190,تحقیق و نگارش (5-30)
120,تربیت کودک، نوجوان و جوان (3-16)
189,ترجمه (4-30)
197,تشیع (7-2)
52,تقویم و سررسید (24)
137,تولید علم (4-13)
45,جامعه (15)
128,جامعه - سایر (20-15)
106,جبهه مقاومت جهانی (4-19)
55,جغرافیا (27)
96,جغرافیا - سایر (20-27)
95,جغرافیای اسلام (3-27)
94,جغرافیای ایران (2-27)
93,جغرافیای جهان (1-27)
173,جهان اسلام: فرق، جریان ها و جنبش ها (5-2)
186,حرکتی
125,حقوق (4-15)
53,حوزه علمیه (25)
100,حوزه و روحانیت (1-25)
132,خاطرات، زندگینامه و سفرنامه (4-14)
1,خانه
54,دانشگاه (26)
97,دانشگاه و دانشجو (1-26)
74,دستور زبان (1-30)
164,رسول اکرم (ص) و بعثت (1-4)
79,رمان و داستان کوتاه (2-29)
47,روانشناسی (17)
58,زبان شناسی (30)
77,زبان شناسی - سایر (20-30)
46,زن و خانواده (16)
121,زن و خانواده - سایر (20-16)
118,زنان و جنسیت (1-16)
148,زندگینامه و خاطرات امام و رهبری (1-9)
56,سبک زندگی (28)
92,سبک زندگی - سایر (20-28)
86,سبک زندگی ایرانی اسلامی (2-28)
181,سریال
187,سیر مطالعاتی
71,سیره انبیاء و اولیاء الهی (ع) (2-3)
111,سینما و تئاتر،موسیقی،رادیو و تلویزیون (3-18)
150,شرح بیانات و دیدگاه های امام و رهبری (3-9)
62,شرح و تفسیر متون اصلی (3-1)
80,شعر و نثر ادبی (3-29)
42,صهیونیسم و استکبار بین المللی (12)
142,صهیونیسم و استکبار بین المللی - سایر (20-12)
82,طنز ادبی (5-29)
158,عرفان (3-7)
43,علم و تکنولوژی (13)
138,علم و تکنولوژی - سایر (20-13)
127,علوم اجتماعی (6-15)
124,علوم اقتصادی (3-15)
122,علوم سیاسی (1-15)
161,فرق انحرافی (3-6)
76,فرهنگ لغت (3-30)
50,فرهنگ نامه ها و دایره المعارف ها (22)
123,فرهنگ و ارتباطات (2-15)
40,فرهنگ و تمدن (10)
59,فرهنگ پایداری (19)
108,فرهنگ پایداری - سایر (20-19)
103,فرهنگ پایداری انقلاب اسلامی (1-19)
107,فرهنگ پایداری جهان اسلام (5-19)
104,فرهنگ پایداری دفاع مقدس (2-19)
105,فرهنگ پایداری فلسطین، لبنان، سوریه و یمن (3-19)
157,فلسفه (2-7)
185,فکری
180,فیلم سینمایی
200,فیلم و مستند
177,لوازم التحریر
174,لوح فشرده
85,ماهیت، مبانی و انواع سبک زندگی (1-28)
78,مباحث نظری ادبیات (1-29)
193,مباحث نظری تاریخ (5-14)
35,مباحث نظری دین، کلام و کلام جدید (5)
109,مباحث نظری هنر (1-18)
140,مبانی فکری فلسفی صهیونیسم و استکبار بین المللی (2-12)
144,مبانی فکری فلسفی غرب و مدرنیته (2-11)
60,متون اصلی اسلامی (1-1)
176,مجله
192,محیط زیست (11-28)
126,مدیریت، برنامه ریزی و کار (5-15)
135,مسائل نظری علم و تکنولوژی (2-13)
179,مستند
171,مسکن، معماری و طراحی ساختمان (9-28)
39,معارف انقلاب (9)
151,معارف انقلاب - سایر (20-9)
31,معارف قرآن و حدیث (1)
64,معارف قرآن و حدیث - سایر (20-1)
63,مناجات، توسل و زیارت (4-1)
156,منطق (1-7)
37,منطق، فلسفه و عرفان (7)
146,مواجهه اسلام و غرب (4-11)
145,مواجهه ایران و غرب (3-11)
41,مواجهه با غرب و مدرنیته (11)
147,مواجهه با غرب و مدرنیته - سایر (20-11)
201,ناشران
178,نرم افزار
65,نظام اخلاقی اسلام (1-2)
67,نظام رفتاری، احکام و اصول فقه اسلام (3-2)
66,نظام فکری و اعتقادی اسلام (2-2)
81,نقد ادبی (4-29)
110,نمایشنامه و فیلمنامه (2-18)
199,نویسندگان
83,نویسندگان و شاعران (6-29)
48,هنر (18)
113,هنر - سایر (20-18)
112,هنرهای تجسمی (4-18)
162,وحدت بین ادیان و مذاهب (4-6)
87,ورزش (3-28)
154,ولایت فقیه و قانون اساسی (3-8)
29,کتاب
182,کتاب صوتی
101,کتاب های درسی (2-25)
98,کتاب های درسی (2-26)
102,کتاب های کمک درسی (3-25)
99,کتاب های کمک درسی (3-26)
49,کودکان و نوجوانان (20)
